comment,label,text_len
画面质感非常高级，观影体验极佳。,1,16
这部电影的剧情节奏紧凑，全程没有多余桥段。,1,21
演员演技自然细腻，人物塑造非常立体。,1,18
整体镜头语言很舒服，氛围感拉满。,1,16
剧情反转出乎意料，看完让人回味无穷。,1,18
配乐搭配画面恰到好处，情绪渲染很到位。,1,19
故事立意深刻，看完有很多思考。,1,15
部分情节铺垫不足，转折稍微有些突兀。,0,18
人物动机交代不够清晰，逻辑略有瑕疵。,0,18
画面色调统一唯美，每一帧都很精致。,1,17
节奏偏慢，部分片段略显拖沓冗长。,0,16
结局处理温柔治愈，让人内心很温暖。,1,17
打斗场面精彩震撼，视觉效果满分。,1,16
台词写得很有深度，值得反复回味。,1,16
配角戏份太少，人物刻画不够饱满。,0,16
世界观设定新颖，题材非常有创意。,1,16
剧情套路比较常见，缺少惊喜感。,0,15
情感表达真挚动人，很容易产生共鸣。,1,17
特效制作精良，大片质感十足。,1,14
故事主题温暖治愈，适合放松观看。,1,16
部分剧情逻辑漏洞较多，影响观感。,0,16
叙事方式独特，观影体验很新鲜。,1,15
人物关系简单清晰，很容易看懂剧情。,1,17
高潮部分张力十足，看得非常投入。,1,16
结尾留白太多，让人感觉意犹未尽。,0,16
整体完成度很高，是一部值得二刷的电影。,1,19
笑点和泪点结合得很好，观影体验丰富。,1,18
片段衔接流畅，整体节奏非常舒服。,1,16
部分情节过于理想化，不太贴合现实。,0,17
看完整体很满足，是近期很优秀的作品。,1,18